order_id,order_date,customer_id,warehouse_id,order_amount,order_status,priority_level
ORD001,2026-09-01,CUST001,W001,150.50,Completed,Standard
ORD002,2026-09-01,CUST002,W002,275.99,Completed,Express
ORD003,2026-09-02,CUST003,W001,89.99,Shipped,Standard
ORD004,2026-09-02,CUST004,W003,450.00,Completed,Express
ORD005,2026-09-03,CUST005,W001,200.00,Pending,Standard
ORD006,2026-09-03,CUST006,W002,320.75,Shipped,Standard
ORD007,2026-09-04,CUST007,W004,155.25,Completed,Standard
ORD008,2026-09-04,CUST008,W001,500.00,Completed,Express
ORD009,2026-09-05,CUST009,W003,99.99,Shipped,Standard
ORD010,2026-09-05,CUST010,W005,175.50,Cancelled,Standard
ORD011,2026-09-06,CUST001,W002,225.00,Completed,Express
ORD012,2026-09-06,CUST002,W001,350.00,Pending,Standard
ORD013,2026-09-07,CUST003,W004,125.75,Completed,Standard
ORD014,2026-09-07,CUST004,W002,400.00,Shipped,Express
ORD015,2026-09-08,CUST005,W001,189.99,Completed,Standard
ORD016,2026-09-08,CUST006,W003,210.50,Completed,Standard
ORD017,2026-09-09,CUST007,W005,95.00,Pending,Standard
ORD018,2026-09-09,CUST008,W001,520.00,Completed,Express
ORD019,2026-09-10,CUST009,W004,140.00,Shipped,Standard
ORD020,2026-09-10,CUST010,W002,195.75,Completed,Standard
