shipment_id,order_id,warehouse_id,ship_date,tracking_number,carrier,shipment_status
SHP001,ORD001,W001,2026-09-01,TRK001,FedEx,Delivered
SHP002,ORD002,W002,2026-09-01,TRK002,UPS,Delivered
SHP003,ORD003,W001,2026-09-02,TRK003,FedEx,In Transit
SHP004,ORD004,W003,2026-09-02,TRK004,USPS,Delivered
SHP005,ORD005,W001,2026-09-03,TRK005,FedEx,Pending
SHP006,ORD006,W002,2026-09-03,TRK006,UPS,In Transit
SHP007,ORD007,W004,2026-09-04,TRK007,USPS,Delivered
SHP008,ORD008,W001,2026-09-04,TRK008,FedEx,Delivered
SHP009,ORD009,W003,2026-09-05,TRK009,UPS,In Transit
SHP010,ORD011,W002,2026-09-06,TRK010,FedEx,Delivered
SHP011,ORD012,W001,2026-09-06,TRK011,USPS,Pending
SHP012,ORD013,W004,2026-09-07,TRK012,UPS,Delivered
SHP013,ORD014,W002,2026-09-07,TRK013,FedEx,In Transit
SHP014,ORD015,W001,2026-09-08,TRK014,USPS,Delivered
SHP015,ORD016,W003,2026-09-08,TRK015,UPS,Delivered
SHP016,ORD017,W005,2026-09-09,TRK016,FedEx,Pending
SHP017,ORD018,W001,2026-09-09,TRK017,UPS,Delivered
SHP018,ORD019,W004,2026-09-10,TRK018,FedEx,In Transit
SHP019,ORD020,W002,2026-09-10,TRK019,USPS,Delivered
